Activity ID,Activity Date,Activity Name,Activity Type,Activity Description,Elapsed Time,Distance,Max Heart Rate,Relative Effort,Commute,Activity Private Note,Activity Gear,Filename,Athlete Weight,Bike Weight,Elapsed Time,Moving Time,Distance,Max Speed,Average Speed,Elevation Gain,Elevation Loss,Elevation Low,Elevation High,Max Grade,Average Grade,Average Positive Grade,Average Negative Grade,Max Cadence,Average Cadence,Max Heart Rate,Average Heart Rate,Max Watts,Average Watts,Calories,Max Temperature,Average Temperature,Relative Effort,Total Work,Number of Runs,Uphill Time,Downhill Time,Other Time,Perceived Exertion,Type,Start Time,Weighted Average Power,Power Count,Prefer Perceived Exertion,Perceived Relative Effort,Commute,Total Weight Lifted,From Upload,Grade Adjusted Distance,Weather Observation Time,Weather Condition,Weather Temperature,Apparent Temperature,Dewpoint,Humidity,Weather Pressure,Wind Speed,Wind Gust,Wind Bearing,Precipitation Intensity,Sunrise Time,Sunset Time,Moon Phase,Bike,Gear,Precipitation Probability,Precipitation Type,Cloud Cover,Weather Visibility,UV Index,Weather Ozone,Jump Count,Total Grit,Average Flow,Flagged,Average Elapsed Speed,Dirt Distance,Newly Explored Distance,Newly Explored Dirt Distance,Activity Count,Total Steps,Media
9565612930,"Aug 1, 2023, 11:24:12 PM",Run One,Run,"",994,3.03,,,false,,,activities/9565612930.gpx,,,994.0,989.0,3030.030029296875,5.010009765625,3.0637309551239014,8.026144027709961,8.026140213012695,2.299999952316284,8.5,3.4246537685394287,0.0,,,,,,,,,,,,,,,,,,,,,,,0.0,,0.0,,1.0,3039.300048828125,,,,,,,,,,,,,,,,14539275.0,,,,,,,,,,0.0,3.0483200550079346,0.0,,,,2454.0,""
9583030855,"Aug 4, 2023, 5:54:36 PM",Run Two,Run,"",1460,4.28,,,false,,,activities/9583030855.gpx,,,1460.0,1460.0,4284.5400390625,4.810986518859863,2.9346165657043457,10.451393127441406,10.151399612426758,2.299999952316284,8.5,3.9512524604797363,0.007001918274909258,,,,,,,,,,,,,,,,,,5.0,,,,,0.0,26.0,0.0,,1.0,4295.7001953125,,,,,,,,,,,,,,,,14539275.0,,,,,,,,,,0.0,2.9346165657043457,0.0,,,,3650.0,""
9589467858,"Aug 5, 2023, 6:05:07 PM",Run Three,Run,"",1742,5.06,,,false,So hot out. Had some negative thoughts but legs kept going â€” keep those thoughts out. ,,activities/9589467858.gpx,,,1742.0,1729.0,5059.66015625,5.436004638671875,2.9263505935668945,14.526056289672852,14.82610034942627,2.0,9.0,6.276973724365234,-0.005929252132773399,,,,,,,,,,,,,,,,,,6.0,,,,,0.0,45.0,0.0,,1.0,5077.39990234375,,,,,,,,,,,,,,,,14539275.0,,,,,,,,,,0.0,2.9045121669769287,0.0,,,,4316.0,media/BDE9F46D-F8D2-4A8F-9E59-05252942932C.jpg
9606485210,"Aug 8, 2023, 1:49:37 PM",Run Four,Run,Awful Florida heat. Right leg gave out and got stuck in two rain showers.,1017,2.81,,,false,,,activities/9606485210.gpx,,,1017.0,1002.0,2812.590087890625,4.565966606140137,2.806976079940796,0.0,0.0,1.7999999523162842,2.799999952316284,3.28947377204895,0.0,,,,,,,,,,,,,,,,,,,,,,,0.0,,0.0,,1.0,2814.60009765625,,,,,,,,,,,,,,,,14539275.0,,,,,,,,,,0.0,2.765575408935547,0.0,,,,2418.0,""
9620316767,"Aug 10, 2023, 2:10:46 PM",Run Five,Run,Questionable run path shape,2509,7.22,,,false,"Cardio fine, no breath or fatigue issues. But damn, calf pain wtf ",,activities/9620316767.gpx,,,2509.0,2479.0,7222.1201171875,5.079992771148682,2.9133198261260986,20.11138916015625,20.21139907836914,2.0,9.600000381469727,6.62247371673584,-0.0013846349902451038,,,,,,,,,,,,,,,,,,5.0,,,,,0.0,44.0,0.0,,1.0,7244.60009765625,,,,,,,,,,,,,,,,14539275.0,,,,,,,,,,0.0,2.8784854412078857,0.0,,,,6230.0,media/3D6B494C-6E9D-4664-92CE-B6CB567EADE4.jpg
9626861192,"Aug 11, 2023, 2:27:57 PM",Run Six,Run,"",1815,5.21,,,false,Breathing kinda off. Legs fine,,activities/9626861192.gpx,,,1815.0,1815.0,5217.97998046875,4.517999172210693,2.874920129776001,14.642810821533203,14.642800331115723,2.0,9.699999809265137,6.317714691162109,0.0,,,,,,,,,,,,,,,,,,5.0,,,,,0.0,32.0,0.0,,1.0,5237.5,,,,,,,,,,,,,,,,14539275.0,,,,,,,,,,0.0,2.874920129776001,0.0,,,,4568.0,""
9636168444,"Aug 13, 2023, 1:34:50 AM",Night Walk One,Walk,,207,0.30,,,false,,,activities/9636168444.gpx,,,207.0,207.0,305.1300048828125,2.623333215713501,1.4740580320358276,0.0,0.800000011920929,7.099999904632568,8.5,2.8530662059783936,-0.2621833384037018,,,,,,,,,,,,,,,,,,,,,,,,,0.0,,1.0,,,,,,,,,,,,,,,,,,,,,,,,,,,0.0,1.4740580320358276,0.0,,,,338.0,""
9640454805,"Aug 13, 2023, 2:59:27 PM",Run Seven,Run,"",2661,7.53,,,false,"Good, lower calves I think not even stretched just strengthened, will come",,activities/9640454805.gpx,,,2661.0,2655.0,7537.5498046875,5.151953220367432,2.8390018939971924,23.2801513671875,22.980199813842773,2.0,9.800000190734863,6.124270915985107,0.003980073146522045,,,,,,,,,,,,,,,,,,6.0,,,,,0.0,70.0,0.0,,1.0,7561.60009765625,,,,,,,,,,,,,,,,14539275.0,,,,,,,,,,0.0,2.8326003551483154,0.0,,,,6740.0,""
9656668776,"Aug 16, 2023, 2:10:53 AM",Night Walk 2,Walk,,4054,1.84,,,false,,,activities/9656668776.gpx,,,4054.0,1270.0,1844.780029296875,9.153328895568848,1.4525827169418335,0.0,0.10000000149011612,7.099999904632568,9.0,9.345806121826172,-0.0054207006469368935,,,,,,,,,,,,,,,,,,,,,,,,,0.0,,1.0,,,,,,,,,,,,,,,,,,,,,,,,,,,0.0,0.45505180954933167,0.0,,,,816.0,""
9668909738,"Aug 17, 2023, 8:44:00 PM",Run Eight,Run,"",3271,9.29,,,false,,,activities/9668909738.gpx,,,3271.0,3263.0,9294.8701171875,5.699999809265137,2.8485658168792725,126.51132202148438,125.61100006103516,180.1999969482422,281.70001220703125,37.45778274536133,0.009682760573923588,,,,,,,,,,,,,,,,,,,,,,,0.0,,0.0,,1.0,9660.5,,,,,,,,,,,,,,,,14539275.0,,,,,,,,,,0.0,2.8415989875793457,329.20001220703125,,,,8068.0,""
9673513859,"Aug 18, 2023, 3:30:40 PM",Run Nine,Run,"",3918,11.34,,,false,,,activities/9673513859.gpx,,,3918.0,3901.0,11346.25,6.071972846984863,2.9085490703582764,200.89761352539062,205.197998046875,169.5,281.6000061035156,34.47301483154297,-0.0378979854285717,,,,,,,,,,,,,,,,,,,,,,,0.0,,0.0,,1.0,11985.7001953125,,,,,,,,,,,,,,,,14539275.0,,,,,,,,,,0.0,2.8959290981292725,596.5999755859375,,,,9994.0,""
9680731294,"Aug 19, 2023, 5:27:54 PM",Run Ten,Run,"",2482,6.58,,,false,,,activities/9680731294.gpx,,,2482.0,2337.0,6586.080078125,5.097998142242432,2.8181772232055664,162.80787658691406,169.50799560546875,122.5999984741211,248.89999389648438,19.463441848754883,-0.10172970592975616,,,,,,,,,,,,,,,,,,,,,,,0.0,,0.0,,1.0,7168.2001953125,,,,,,,,,,,,,,,,14539275.0,,,,,,,,,,0.0,2.6535375118255615,137.1999969482422,,,,5710.0,""
9688036501,"Aug 20, 2023, 7:18:20 PM",Run 11,Run,"",924,3.01,,,false,,,activities/9688036501.gpx,,,924.0,894.0,3012.679931640625,11.7080078125,3.3698880672454834,68.30509948730469,68.30509948730469,175.60000610351562,241.39999389648438,25.021512985229492,0.0,,,,,,,,,,,,,,,,,,,,,,,0.0,,0.0,,1.0,3229.800048828125,,,,,,,,,,,,,,,,14539275.0,,,,,,,,,,0.0,3.2604761123657227,0.0,,,,2222.0,""
9702565915,"Aug 23, 2023, 12:38:00 AM",Run Twelve,Run,"",6194,16.69,,,false,,,activities/9702565915.gpx,,,6194.0,6178.0,16694.19921875,5.721875190734863,2.7022011280059814,216.97738647460938,217.27699279785156,180.1999969482422,281.70001220703125,45.86331558227539,-0.0017970313783735037,,,,,,,,,,,,,,,,,,,,,,,0.0,,0.0,,1.0,17172.80078125,,,,,,,,,,,,,,,,14539275.0,,,,,,,,,,0.0,2.695220947265625,80.30000305175781,,,,15610.0,media/11B9575E-8CF7-4151-9510-1F98EE401F32.jpg|media/52AF06C8-8EED-4E1B-A539-493FE4663C77.jpg
9720928318,"Aug 25, 2023, 11:50:20 PM",Run Thirteen,Run,"",2390,6.63,,,false,,,activities/9720928318.gpx,,,2390.0,2368.0,6638.77001953125,5.0360107421875,2.803534746170044,123.75767517089844,116.45800018310547,164.3000030517578,273.3999938964844,37.848602294921875,0.10996013134717941,,,,,,,,,,,,,,,,,,,,,,,0.0,,0.0,,1.0,7135.5,,,,,,,,,,,,,,,,14539275.0,,,,,,,,,,0.0,2.7777280807495117,124.30000305175781,,,,6118.0,""
9727117020,"Aug 26, 2023, 10:20:13 PM",Run Fourteen,Run,"",2105,6.12,,,false,,,activities/9727117020.gpx,,,2105.0,2093.0,6121.60986328125,5.113965034484863,2.9248015880584717,105.3947982788086,98.19499969482422,163.6999969482422,271.20001220703125,41.096988677978516,0.11761611700057983,,,,,,,,,,,,,,,,,,,,,,,0.0,,0.0,,1.0,6552.39990234375,,,,,,,,,,,,,,,,14539275.0,,,,,,,,,,0.0,2.908128261566162,3036.39990234375,,,,5428.0,media/063697A8-134A-44E3-ADEC-89A4356D6A0B.jpg
9733927895,"Aug 27, 2023, 11:43:54 PM",Run Fifteen,Run,"",1939,6.37,,,false,,,activities/9733927895.gpx,,,1939.0,1893.0,6370.89990234375,8.398000717163086,3.365504503250122,0.0,0.5,117.19999694824219,119.0,10.101009368896484,-0.007848184555768967,,,,,,,,,,,,,,,,,,,,,,,0.0,,0.0,,1.0,6374.7998046875,,,,,,,,,,,,,,,,14539275.0,,,,,,,,,,0.0,3.2856626510620117,303.8999938964844,,,,4806.0,media/0BB413F8-A38E-40A6-9B21-EDFD4C2555EC.jpg|media/46BD339C-9ADB-47DA-A515-F66E1A28C9DD.jpg|media/98792894-FBDF-4A4D-8E32-D835DF1EC8BA.jpg
9739764853,"Aug 28, 2023, 11:27:13 PM",Run Sixteen (w Diego),Run,"",2435,7.51,,,false,,,activities/9739764853.gpx,,,2435.0,2268.0,7517.1298828125,5.856054782867432,3.3144311904907227,0.0,0.0,116.5999984741211,118.30000305175781,2.5269131660461426,0.0,,,,,,,,,,,,,,,,,,,,,,,0.0,,0.0,,1.0,7522.60009765625,,,,,,,,,,,,,,,,14539275.0,,,,,,,,,,0.0,3.0871169567108154,297.29998779296875,,,,5688.0,media/201AEFC0-205D-48D5-B3A7-10846C004F7B.jpg|media/02BF33BC-04F3-4729-B311-E40AEDEA2D7A.jpg|media/7DDD02C4-E045-4C93-965E-EC62C21F57F5.jpg|media/DFA056BE-10F8-4761-9CBC-C4214BB3E77A.jpg
9752210010,"Aug 30, 2023, 9:03:24 PM",Run Seventeen,Run,Tackled the slope,2139,6.35,,,false,,,activities/9752210010.gpx,,,2139.0,2133.0,6350.75,5.095995903015137,2.977379322052002,143.7193145751953,137.11900329589844,164.10000610351562,241.39999389648438,39.77724838256836,0.10392473638057709,,,,,,,,,,,,,,,,,,,,,,,0.0,,0.0,,1.0,6922.7998046875,,,,,,,,,,,,,,,,14539275.0,,,,,,,,,,0.0,2.969027519226074,0.0,,,,5336.0,""
9758525855,"Aug 31, 2023, 8:32:14 PM",Run Eighteen,Run,"",3880,11.85,,,false,,,activities/9758525855.gpx,,,3880.0,3848.0,11857.7802734375,6.723974704742432,3.0815436840057373,153.75440979003906,145.35400390625,162.8000030517578,287.20001220703125,37.54512405395508,0.07083956897258759,,,,,,,,,,,,,,,,,,,,,,,0.0,,0.0,,1.0,12415.2001953125,1693511936.0,1.0,20.459999084472656,19.799999237060547,9.859999656677246,0.5099999904632568,1017.8900146484375,3.9600000381469727,8.390000343322754,352.0,0.0,1693477760.0,1693525376.0,0.625,,14539275.0,0.03999999910593033,5.0,0.03999999910593033,34898.140625,4.0,,,,,0.0,3.056128978729248,317.3999938964844,,,,9764.0,""
9777000455,"Sep 3, 2023, 3:32:54 PM",Run Nineteen,Run,Brutal.,5169,14.52,,,false,,,activities/9777000455.gpx,,,5169.0,4963.0,14521.349609375,7.967968940734863,2.925921678543091,188.16183471679688,198.46200561523438,179.39999389648438,276.8999938964844,17.33477783203125,-0.07093004882335663,,,,,,,,,,,,,,,,,,,,,,,0.0,,0.0,,1.0,14956.5,1693753216.0,1.0,24.5,25.520000457763672,18.0,0.6700000166893005,1014.8300170898438,2.240000009536743,5.889999866485596,281.0,0.0,1693737216.0,1693784192.0,0.625,,14539275.0,0.029999999329447746,5.0,0.07999999821186066,31009.900390625,5.0,,,,,0.0,2.8093149662017822,1621.5999755859375,,,,12542.0,media/5B22988C-C7AF-47C1-AE8E-7836D3FE4A81.jpg
9782282113,"Sep 4, 2023, 2:55:31 PM",Hike with Ally and Daniel,Hike,Noticed right IT band pain :(,4162,5.62,,,false,,,activities/9782282113.gpx,,,4162.0,3885.0,5625.080078125,10.246671676635742,1.4478970766067505,173.66294860839844,171.36300659179688,127.19999694824219,272.70001220703125,49.48686218261719,0.04088830575346947,,,,,,,,,,,,,,,,,,,,,,,0.0,,0.0,,1.0,,1693836032.0,1.0,24.5,26.0,19.5,0.7400000095367432,1012.5499877929688,2.440000057220459,6.650000095367432,297.0,0.0,1693823616.0,1693870464.0,0.625,,,0.49000000953674316,1.0,0.23000000417232513,27373.08984375,3.0,,,,,0.0,1.3515329360961914,5463.2001953125,,,,,""
9792391800,"Sep 6, 2023, 1:49:38 AM",Run Twenty (w Kevin),Run,"",1875,5.76,,,false,,,activities/9792391800.gpx,,,1875.0,1854.0,5764.759765625,11.257983207702637,3.109363317489624,91.79881286621094,89.69879913330078,179.6999969482422,263.29998779296875,21.568626403808594,0.03642823174595833,,,,,,,,,,,,,,,,,,,,,,,0.0,,0.0,,1.0,6040.0,1693961984.0,1.0,23.280000686645508,25.270000457763672,21.100000381469727,0.8799999952316284,1014.3300170898438,1.309999942779541,2.2100000381469727,28.0,0.0,1693910144.0,1693956864.0,0.75,,14539275.0,0.4699999988079071,1.0,0.0,22895.9609375,0.0,,,,,0.0,3.074538469314575,0.0,,,,4638.0,media/CBA5DD1D-03C9-4358-87BA-548D375B9E57.jpg|media/24154C36-F3F4-48D5-992A-B4A4C4BEF256.jpg|media/9DD8AD2E-CC98-4C90-A3CC-6F3AF839E4F9.jpg
9798017725,"Sep 6, 2023, 8:35:03 PM",Run Twenty-One,Run,Worst run ever,2100,6.40,,,false,,,activities/9798017725.gpx,,,2100.0,2021.0,6402.10986328125,6.725976467132568,3.167793035507202,104.2802963256836,102.77999877929688,180.10000610351562,276.79998779296875,21.61088752746582,0.02342977561056614,,,,,,,,,,,,,,,,,,,,,,,0.0,,0.0,,1.0,6693.7001953125,1694030336.0,1.0,31.1200008392334,33.599998474121094,20.709999084472656,0.5400000214576721,1009.8499755859375,0.9700000286102295,3.740000009536743,312.0,0.0,1693996544.0,1694043136.0,0.875,,14539275.0,0.25,1.0,0.1899999976158142,28826.310546875,3.0,,,,,0.0,3.04862380027771,29.5,,,,5070.0,""
9825118468,"Sep 10, 2023, 11:23:59 PM",Run Twenty-Two,Run,Humbling,2448,8.26,,,false,,,activities/9825118468.gpx,,,2448.0,2448.0,8263.3798828125,6.074023246765137,3.375563621520996,128.94422912597656,130.843994140625,176.39999389648438,281.70001220703125,26.01154899597168,-0.022993013262748718,,,,,,,,,,,,,,,,,,,,,,,0.0,,0.0,,1.0,8581.599609375,1694386816.0,5.0,20.299999237060547,21.360000610351562,18.739999771118164,0.9100000262260437,1017.8499755859375,1.1399999856948853,2.369999885559082,353.0,0.20000000298023224,1694342400.0,1694388352.0,0.875,,14539275.0,0.7599999904632568,5.0,0.9599999785423279,14628.4501953125,0.0,,,,,0.0,3.375563621520996,59.70000076293945,,,,6346.0,""
9843970469,"Sep 13, 2023, 8:31:52 PM",Run Twenty Three,Run,"Cramps, leg pain, damn. Need to get mileage up",2499,7.90,,,false,,,activities/9843970469.gpx,,,2499.0,2495.0,7902.7998046875,6.933984279632568,3.167454719543457,130.93109130859375,122.63099670410156,163.5,281.70001220703125,38.946990966796875,0.10502606630325317,,,,,,,,,,,,,,,,,,,,,,,0.0,,0.0,,1.0,8372.5,1694635264.0,1.0,20.68000030517578,20.59000015258789,13.479999542236328,0.6299999952316284,1014.02001953125,3.0899999141693115,6.710000038146973,321.0,0.0,1694601856.0,1694647168.0,0.0,,14539275.0,0.7799999713897705,5.0,0.3400000035762787,30820.359375,3.0,,,,,0.0,3.1623849868774414,91.0,,,,6430.0,""
9861272647,"Sep 16, 2023, 2:51:40 PM",Run Twenty Four,Run,"",2264,7.48,,,false,,,activities/9861272647.gpx,,,2264.0,2264.0,7487.009765625,5.730004787445068,3.30698299407959,18.31261444091797,18.112600326538086,2.0,9.0,6.24997615814209,0.0026712934486567974,,,,,,,,,,,,,,,,,,,,,,,0.0,,0.0,,1.0,7509.60009765625,1694872832.0,3.0,17.760000228881836,17.18000030517578,9.989999771118164,0.6000000238418579,1012.5700073242188,4.96999979019165,11.520000457763672,312.0,0.0,1694860544.0,1694905344.0,0.125,,14539275.0,0.0,1.0,0.9700000286102295,33365.0,3.0,,,,,0.0,3.30698299407959,0.0,,,,5840.0,""
9882316212,"Sep 19, 2023, 7:11:32 PM",Run Twenty Five,Run,"",5196,14.79,,,false,,,activities/9882316212.gpx,,,5196.0,5162.0,14796.650390625,5.908007621765137,2.866456985473633,178.89720153808594,177.9969940185547,180.1999969482422,303.29998779296875,41.004180908203125,0.006082457490265369,,,,,,,,,,,,,,,,,,,,,,,0.0,,0.0,,1.0,15187.400390625,1695149952.0,1.0,19.049999237060547,18.3799991607666,9.449999809265137,0.5400000214576721,1015.6400146484375,4.809999942779541,9.489999771118164,310.0,0.0,1695120640.0,1695164928.0,0.125,,14539275.0,0.0,1.0,0.25,35336.96875,4.0,,,,,0.0,2.8477001190185547,3421.60009765625,,,,12800.0,media/71CB90C2-FAE7-41C0-8DB0-861901D64977.jpg|media/7D619C0C-57A5-42A2-8100-95B8DCEC10BD.jpg|media/A5A12CD9-D881-43D6-B66F-7C530A0C3234.jpg|media/D30FD5D6-B4E8-49CE-97FB-2E4CAB6C1549.jpg|media/3A6D8BD3-97F0-4110-8EFD-E1633CFE0CD5.jpg|media/4582E00B-50BA-40B8-BF3A-31E5393C91ED.jpg
9888648983,"Sep 20, 2023, 7:08:11 PM",Run Twenty Six,Run,Right calf is messed.,2765,8.48,,,false,,,activities/9888648983.gpx,,,2765.0,2734.0,8481.5498046875,9.130078315734863,3.1022493839263916,153.3436279296875,145.74400329589844,162.89999389648438,287.8999938964844,43.6115837097168,0.08960626274347305,,,,,,,,,,,,,,,,,,,,,,,0.0,,0.0,,1.0,9018.7998046875,1695236352.0,1.0,19.959999084472656,19.299999237060547,9.779999732971191,0.5199999809265137,1020.8599853515625,3.200000047683716,6.730000019073486,328.0,0.0,1695207040.0,1695251200.0,0.125,,14539275.0,0.0,1.0,0.10999999940395355,34787.73046875,4.0,,,,,0.0,3.0674681663513184,0.0,,,,6994.0,""
9900711984,"Sep 22, 2023, 7:42:21 PM",Run Twenty Seven,Run,"",4563,12.02,,,false,,,activities/9900711984.gpx,,,4563.0,3929.0,12020.4599609375,7.097981929779053,3.059419631958008,151.97280883789062,151.17300415039062,180.3000030517578,301.20001220703125,23.18094253540039,0.006655319593846798,,,,,,,,,,,,,,,,,,,,,,,0.0,,0.0,,1.0,12369.2998046875,1695409152.0,3.0,21.690000534057617,21.059999465942383,10.270000457763672,0.47999998927116394,1026.1400146484375,3.2300000190734863,6.5,129.0,0.0,1695379968.0,1695423872.0,0.25,,14539275.0,0.0,1.0,0.7599999904632568,38236.640625,3.0,,,,,0.0,2.6343326568603516,2720.199951171875,,,,9992.0,""
9905578121,"Sep 23, 2023, 2:41:47 PM",Run Twenty Eight,Run,"",2485,8.15,,,false,,,activities/9905578121.gpx,,,2485.0,2475.0,8157.56005859375,4.888085842132568,3.2959837913513184,4.070980548858643,4.070980072021484,117.19999694824219,119.30000305175781,3.2722973823547363,0.0,,,,,,,,,,,,,,,,,,,,,,,0.0,,0.0,,1.0,8166.5,1695477632.0,3.0,14.109999656677246,13.390000343322754,7.739999771118164,0.6499999761581421,1023.719970703125,2.7100000381469727,6.440000057220459,85.0,0.0,1695466496.0,1695510144.0,0.375,,14539275.0,0.0,1.0,0.8999999761581421,30705.400390625,2.0,,,,,0.0,3.2827203273773193,285.5,,,,6544.0,""
9921235708,"Sep 26, 2023, 2:00:33 AM",Night Run,Run,Bored and didnâ€™t want to do work,1524,4.70,,,false,,,activities/9921235708.gpx,,,1524.0,1494.0,4702.35009765625,5.017999172210693,3.1474900245666504,89.91313934326172,89.51309967041016,180.1999969482422,266.6000061035156,37.678977966308594,0.008506384678184986,,,,,,,,,,,,,,,,,,,,,,,0.0,,0.0,,1.0,4973.7998046875,1695693568.0,3.0,13.569999694824219,13.239999771118164,11.40999984741211,0.8700000047683716,1024.6199951171875,2.180000066757202,7.050000190734863,117.0,0.0,1695639424.0,1695682688.0,0.375,,14539275.0,0.6600000262260437,5.0,0.8899999856948853,25363.3203125,0.0,,,,,0.0,3.08553147315979,203.1999969482422,,,,3778.0,media/06A6BED6-4CD4-4694-865F-3EB853563345.jpg
9926792815,"Sep 26, 2023, 8:43:19 PM",Afternoon Run,Run,"",2058,6.97,,,false,,,activities/9926792815.gpx,,,2058.0,2054.0,6970.56005859375,5.867968559265137,3.3936514854431152,108.4455795288086,108.34600067138672,180.1999969482422,287.0,25.9032039642334,0.0014346049865707755,,,,,,,,,,,,,,,,,,,,,,,0.0,,0.0,,1.0,7240.2001953125,1695758336.0,3.0,18.0,17.540000915527344,10.949999809265137,0.6299999952316284,1027.3900146484375,2.440000057220459,4.880000114440918,108.0,0.0,1695725824.0,1695768960.0,0.375,,14539275.0,0.0,1.0,0.7599999904632568,31053.310546875,2.0,,,,,0.0,3.3870553970336914,32.20000076293945,,,,5338.0,""
9933513653,"Sep 27, 2023, 8:27:26 PM",Evening Run,Run,"",5870,16.88,,,false,,,activities/9933513653.gpx,,,5870.0,5624.0,16883.0703125,7.276171684265137,3.0019683837890625,169.18409729003906,127.58399963378906,183.10000610351562,303.29998779296875,18.239492416381836,0.24640068411827087,,,,,,,,,,,,,,,,,,,,,,,0.0,,0.0,,1.0,17272.19921875,1695844864.0,2.0,19.5,18.6200008392334,7.849999904632568,0.4699999988079071,1024.9000244140625,2.2200000286102295,4.880000114440918,93.0,0.0,1695812352.0,1695855232.0,0.375,,14539275.0,0.0,1.0,0.6200000047683716,44150.671875,2.0,,,,,0.0,2.876161813735962,7130.10009765625,,,,14378.0,""
9945473909,"Sep 29, 2023, 9:38:25 PM",Evening Run,Run,"",2320,7.16,,,false,,,activities/9945473909.gpx,,,2320.0,2317.0,7160.240234375,6.504004001617432,3.090306520462036,155.37217712402344,148.4720001220703,164.6999969482422,243.5,43.306419372558594,0.09636548161506653,,,,,,,,,,,,,,,,,,,,,,,0.0,,0.0,,1.0,7756.7001953125,1696021248.0,3.0,19.690000534057617,19.799999237060547,14.59000015258789,0.7200000286102295,1020.9199829101562,1.6399999856948853,3.380000114440918,103.0,0.0,1695985280.0,1696027904.0,0.625,,14539275.0,0.0,1.0,0.800000011920929,24901.830078125,1.0,,,,,0.0,3.086310386657715,0.0,,,,5812.0,media/0BD00F68-DA14-402A-85C5-25B94ED7E1D0.jpg
9964958499,"Oct 2, 2023, 9:58:31 PM",Evening Run,Run,"",1862,6.24,,,false,,,activities/9964958499.gpx,,,1862.0,1846.0,6247.60986328125,5.7360005378723145,3.384403944015503,111.03523254394531,111.23500061035156,180.1999969482422,273.3999938964844,41.33546447753906,-0.0032012241426855326,,,,,,,,,,,,,,,,,,,,,,,0.0,,0.0,,1.0,6565.89990234375,,,,,,,,,,,,,,,,14539275.0,,,,,,,,,,0.0,3.3553221225738525,66.0999984741211,,,,4710.0,media/DC649BAE-B1E2-40CD-8ABE-C41FCD7D0B02.jpg|media/FA05B1EE-3513-405C-B93A-4D8ADBE187C1.jpg|media/411AAA0C-0D8B-4CBD-9D21-D6F7EB15D45E.jpg
9971177424,"Oct 3, 2023, 8:20:19 PM",Afternoon Run,Run,"",1073,3.53,,,false,,,activities/9971177424.gpx,,,1073.0,1056.0,3529.3798828125,5.110009670257568,3.3422157764434814,65.55085754394531,65.45089721679688,180.1999969482422,248.10000610351562,38.5321044921875,0.002833358943462372,,,,,,,,,,,,,,,,,,,,,,,0.0,,0.0,,1.0,3768.39990234375,,,,,,,,,,,,,,,,14539275.0,,,,,,,,,,0.0,3.2892637252807617,0.0,,,,2708.0,""
9978803037,"Oct 5, 2023, 1:17:00 AM",HGW,Walk,,1079,1.22,,,false,,,activities/9978803037.gpx,,,1079.0,1034.0,1228.1300048828125,2.8600006103515625,1.1877466440200806,11.66341495513916,54.2634162902832,169.5,224.10000610351562,17.432485580444336,-3.4686882495880127,,,,,,,,,,,,,,,,,,,,,,,,,0.0,,1.0,,,,,,,,,,,,,,,,,,,,,,,,,,,0.0,1.1382113695144653,0.0,,,,1592.0,""
9978977860,"Oct 5, 2023, 2:23:03 AM",Night Run,Run,"",1197,3.90,,,false,,,activities/9978977860.gpx,,,1197.0,1194.0,3902.469970703125,7.041999816894531,3.268400192260742,76.47549438476562,73.37550354003906,178.0,253.8000030517578,27.210886001586914,0.07943686842918396,,,,,,,,,,,,,,,,,,,,,,,0.0,,0.0,,1.0,4164.2998046875,,,,,,,,,,,,,,,,14539275.0,,,,,,,,,,0.0,3.26020884513855,33.5,,,,2968.0,""
9993762703,"Oct 7, 2023, 12:00:54 PM",Cape Cod Half Marathon,Run,"",6307,22.05,,,false,,,activities/9993762703.gpx,,,6307.0,6260.0,22054.640625,7.387890815734863,3.5231056213378906,48.96371841430664,48.96369934082031,1.0,12.0,10.416759490966797,0.0,,,,,,,,,,,,,,,,,,,,,,,0.0,,0.0,,1.0,22111.400390625,,,,,,,,,,,,,,,,14539275.0,,,,,,,,,,0.0,3.4968512058258057,0.0,,,,16478.0,media/9AAE775F-7EA7-4DA2-B7EF-AD089E3207EC.jpg|media/B05C016E-A96F-49C9-8602-41632A46CDDE.jpg
10015208288,"Oct 10, 2023, 8:27:47 PM",Afternoon Run,Run,"",1830,5.85,,,false,,,activities/10015208288.gpx,,,1830.0,1830.0,5852.10009765625,6.169921875,3.197868824005127,109.68183898925781,101.08200073242188,164.8000030517578,272.70001220703125,29.35890007019043,0.14695578813552856,,,,,,,,,,,,,,,,,,,,,,,0.0,,0.0,,1.0,6288.89990234375,,,,,,,,,,,,,,,,14539275.0,,,,,,,,,,0.0,3.197868824005127,29.299999237060547,,,,4624.0,""
10021725527,"Oct 11, 2023, 8:52:35 PM",Afternoon Run w/ Casey,Run,"",2930,7.82,,,false,,,activities/10021725527.gpx,,,2930.0,2892.0,7826.6298828125,10.719970703125,2.706303596496582,0.0,0.20000000298023224,116.5,118.4000015258789,2.7272727489471436,-0.002555378247052431,,,,,,,,,,,,,,,,,,,,,,,0.0,,0.0,,1.0,7831.39990234375,,,,,,,,,,,,,,,,14539275.0,,,,,,,,,,0.0,2.6712048053741455,879.4000244140625,,,,6750.0,media/FAE9224F-08DE-4D80-B21E-066077882591.jpg
10033281959,"Oct 13, 2023, 9:39:36 PM",Evening Run,Run,"",2093,5.79,,,false,,,activities/10033281959.gpx,,,2093.0,1943.0,5790.919921875,7.362011909484863,2.9804015159606934,132.57164001464844,125.1719970703125,164.3000030517578,282.8999938964844,34.82020950317383,0.12778626382350922,,,,,,,,,,,,,,,,,,,,,,,0.0,,0.0,,1.0,6305.5,,,,,,,,,,,,,,,,14539275.0,,,,,,,,,,0.0,2.766803503036499,0.0,,,,4978.0,""
10037723178,"Oct 14, 2023, 3:03:03 PM",Cortland 5k w/ Matt and Luke,Run,"",1251,4.85,,,false,,,activities/10037723178.gpx,,,1251.0,1251.0,4849.64013671875,6.7300004959106445,3.87661075592041,21.14031219482422,22.340299606323242,328.79998779296875,336.1000061035156,10.852692604064941,-0.024744104593992233,,,,,,,,,,,,,,,,,,,,,,,0.0,,0.0,,1.0,4879.7001953125,,,,,,,,,,,,,,,,14539275.0,,,,,,,,,,0.0,3.87661075592041,0.0,,,,3282.0,""
10039898571,"Oct 15, 2023, 12:10:40 AM",Testing out Garmin,Walk,It works!,504,0.55,,,false,,,activities/10756887019.fit.gz,,,504.0,504.0,554.2100219726562,2.3600027561187744,1.0996230840682983,5.150000095367432,46.0,169.5,185.1999969482422,49.382713317871094,-0.9924035668373108,,,62.0,49.10561752319336,,,,,43.0,,,,,,,,,,,,,,0.0,,0.0,,1.0,,,,,,,,,,,,,,,,,,,,,,,,,,,0.0,1.0996230840682983,0.0,,,,,""
10046309480,"Oct 15, 2023, 10:18:25 PM",Evening Run w/ Ally,Run,"",1765,5.16,,,false,,,activities/10763581378.fit.gz,,,1765.0,1694.0,5159.64013671875,4.797153949737549,3.045832395553589,104.18063354492188,206.0,177.0,248.10000610351562,20.119216918945312,-0.081401027739048,,,86.0,78.0218734741211,,,,,411.0,,,,,,,,,,,,,,0.0,,0.0,,1.0,5447.89990234375,,,,,,,,,,,,,,,,14539275.0,,,,,,,,,,0.0,2.923308849334717,449.79998779296875,,,,,media/05639D38-332F-4C10-8286-DFE2E36C3395.jpg
10052064736,"Oct 16, 2023, 11:37:18 PM",Evening Run,Run,"",1845,5.98,,,false,,,activities/10769566975.fit.gz,,,1845.0,1845.0,5987.5400390625,5.01171875,3.24527907371521,95.50142669677734,214.0,180.1999969482422,273.0,22.8832950592041,0.01670134998857975,,,86.0,78.453857421875,,,,,444.0,,,,,,,,,,,,,,0.0,,0.0,,1.0,6228.60009765625,,,,,,,,,,,,,,,,14539275.0,,,,,,,,,,0.0,3.24527907371521,127.80000305175781,,,,,""
10064091910,"Oct 18, 2023, 10:11:53 PM",Evening Run,Run,Did not have much juice in the legs td,2390,7.69,,,false,,,activities/10782050821.fit.gz,,,2390.0,2390.0,7689.25,4.5174560546875,3.217259407043457,106.81936645507812,239.0,180.3000030517578,281.70001220703125,20.131088256835938,0.0039015510119497776,,,85.0,79.32341766357422,,,,,580.0,,,,,,,,,,,,,,0.0,,0.0,,1.0,7932.7998046875,,,,,,,,,,,,,,,,14539275.0,,,,,,,,,,0.0,3.217259407043457,94.5,,,,,media/C931F98E-50B8-4CFD-9AF9-581AAD96B04C.jpg
10074612607,"Oct 20, 2023, 10:11:19 PM",Evening Run,Run,"Hills, Trails, Rain",3012,8.51,,,false,,,activities/10793002732.fit.gz,,,3012.0,2929.0,8516.25,5.94500732421875,2.907562255859375,150.0770721435547,325.0,163.0,262.8999938964844,45.47440719604492,0.0011742257047444582,,,93.0,79.45940399169922,,,,,641.0,,,,,,,,,,,,,,0.0,,0.0,,1.0,9046.099609375,,,,,,,,,,,,,,,,14539275.0,,,,,,,,,,0.0,2.8274402618408203,1142.300048828125,,,,,media/445E960B-AA18-4C78-B205-8295549A50E3.jpg|media/9C6EA997-1A13-46CB-B2AA-C53390676C5C.jpg
10075388669,"Oct 21, 2023, 3:57:07 AM",Night Run,Run,,234,0.65,,,false,,,activities/10793815630.fit.gz,,,234.0,202.0,656.6400146484375,5.917999267578125,3.2506930828094482,0.0,29.0,125.0,153.8000030517578,0.0,-4.385964870452881,,,82.0,79.72020721435547,,,,,44.0,,,,,,,,,,,,,,,,0.0,,1.0,616.4000244140625,,,,,,,,,,,,,,,,,,,,,,,,,,0.0,2.8061540126800537,0.0,,,,,""
10091901613,"Oct 23, 2023, 5:33:41 PM",Afternoon Run,Run,"",5210,16.23,,,false,,,activities/10811064414.fit.gz,,,5210.0,5041.0,16230.169921875,4.591634273529053,3.219633102416992,63.79999923706055,308.0,117.0,180.89999389648438,2.2093873023986816,0.0018484094180166721,,,86.0,79.7699203491211,,,,,1172.0,,,,,,,,,,,,,,0.0,,0.0,,1.0,16270.599609375,,,,,,,,,,,,,,,,14539275.0,,,,,,,,,,0.0,3.1151957511901855,12609.5,,,,,""
10104632667,"Oct 25, 2023, 8:57:13 PM",Afternoon Run Partially w Ally,Run,"",3173,9.70,,,false,,,activities/10824257592.fit.gz,,,3173.0,3066.0,9705.580078125,5.21337890625,3.16555118560791,98.52381134033203,360.0,182.8000030517578,281.70001220703125,18.223342895507812,-0.30497920513153076,,,87.0,79.50739288330078,,,,,735.0,,,,,,,,,,,,,,0.0,,0.0,,1.0,9853.7998046875,,,,,,,,,,,,,,,,14539275.0,,,,,,,,,,0.0,3.058802366256714,287.20001220703125,,,,,media/E5CB8BEE-A005-4D12-BDEE-5F9E09C95498.jpg
10110022753,"Oct 26, 2023, 7:40:05 PM",Afternoon Run,Run,"",4249,12.89,,,false,,,activities/10829871852.fit.gz,,,4249.0,4222.0,12894.8798828125,4.233984470367432,3.054211139678955,72.20857238769531,289.0,118.4000015258789,191.10000610351562,2.800649881362915,0.0007755015976727009,,,83.0,80.25701141357422,,,,,940.0,,,,,,,,,,,,,,0.0,,0.0,,1.0,12938.099609375,,,,,,,,,,,,,,,,14539275.0,,,,,,,,,,0.0,3.0348033905029297,12319.900390625,,,,,""
10120954515,"Oct 28, 2023, 7:02:36 PM",Afternoon Run,Run,Easy on the legs today,1729,4.85,,,false,,,activities/10841318800.fit.gz,,,1729.0,1723.0,4855.43017578125,4.3077778816223145,2.818009376525879,109.17047882080078,177.0,177.60000610351562,257.0,17.6844425201416,-0.08444154262542725,,,83.0,78.32946014404297,,,,,372.0,,,,,,,,,,,,,,0.0,,0.0,,1.0,5159.89990234375,,,,,,,,,,,,,,,,14539275.0,,,,,,,,,,0.0,2.808230400085449,433.70001220703125,,,,,""
10128241209,"Oct 30, 2023, 12:10:57 AM",Evening Run,Run,Quick one to log 30 on the week,1706,5.74,,,false,,,activities/10848991215.fit.gz,,,1706.0,1698.0,5748.5,5.840039253234863,3.385453462600708,99.2604751586914,207.0,180.3000030517578,265.3999938964844,21.48227310180664,-0.006958337035030127,,,89.0,80.7992935180664,,,,,413.0,,,,,,,,,,,,,,0.0,,0.0,,1.0,5997.7998046875,,,,,,,,,,,,,,,,14539275.0,,,,,,,,,,0.0,3.3695778846740723,24.100000381469727,,,,,""
10145832283,"Nov 2, 2023, 3:30:54 AM",Night Run,Run,Tough and stressful week â€” needed to get a run in,2190,6.60,,,false,,,activities/10867420241.fit.gz,,,2190.0,2181.0,6603.68994140625,5.018310546875,3.0278267860412598,104.05333709716797,233.0,180.5,272.8999938964844,20.18229103088379,0.0030286097899079323,,,86.0,79.53690338134766,,,,,482.0,,,,,,,,,,,,,,0.0,,0.0,,1.0,6851.10009765625,,,,,,,,,,,,,,,,14539275.0,,,,,,,,,,0.0,3.015383720397949,231.60000610351562,,,,,media/0F68BC58-A806-424A-9B4C-CA40FD850041.jpg
10167703626,"Nov 5, 2023, 9:43:20 PM",Afternoon Run,Run,Still got right calf pain ðŸ™€,1460,5.01,,,false,,,activities/10890399204.fit.gz,,,1460.0,1445.0,5011.43017578125,4.5250244140625,3.4681177139282227,93.08809661865234,117.0,177.89999389648438,215.8000030517578,18.7327823638916,0.23945260047912598,,,85.0,80.12918853759766,,,,,372.0,,,,,,,,,,,,,,0.0,,0.0,,1.0,5270.0,,,,,,,,,,,,,,,,14539275.0,,,,,,,,,,0.0,3.4324865341186523,145.10000610351562,,,,,media/1A0BF4C1-2A09-4730-856C-829934DDBFD0.jpg
10172103399,"Nov 6, 2023, 6:16:27 PM",Afternoon Run,Run,"",2375,8.21,,,false,,,activities/10895042105.fit.gz,,,2375.0,2375.0,8216.470703125,4.220052242279053,3.459566593170166,4.099999904632568,131.0,117.19999694824219,119.30000305175781,2.2559869289398193,-0.008519473485648632,,,85.0,80.57746124267578,,,,,590.0,,,,,,,,,,,,,,0.0,,0.0,,1.0,8222.2998046875,,,,,,,,,,,,,,,,14539275.0,,,,,,,,,,0.0,3.459566593170166,271.29998779296875,,,,,""
10185032739,"Nov 8, 2023, 8:05:50 PM",Afternoon Run,Run,"",3656,11.71,,,false,,,activities/10908425834.fit.gz,,,3656.0,3621.0,11711.41015625,4.259999752044678,3.2343027591705322,168.416015625,292.0,169.39999389648438,303.29998779296875,31.271242141723633,0.0017077362863346934,,,87.0,79.98944854736328,,,,,836.0,,,,,,,,,,,,,,0.0,,0.0,,1.0,12068.2998046875,,,,,,,,,,,,,,,,14539275.0,,,,,,,,,,0.0,3.2033398151397705,4335.5,,,,,""
10219230323,"Nov 14, 2023, 8:24:31 PM",Afternoon Run (.0001 Miles w Ally),Run,Trialed 8:40 pace for 43 minutes per Garmin coach. It was eh ,2534,8.28,,,false,"",,activities/10943897016.fit.gz,,,2534.0,2493.0,8279.3798828125,6.4580078125,3.3210508823394775,83.40047454833984,293.0,180.39999389648438,273.29998779296875,11.547266006469727,-0.45051681995391846,,,86.0,80.13835906982422,,,,,605.0,,,,,,,,,,,,,,0.0,,0.0,,1.0,8403.599609375,,,,,,,,,,,,,,,,14539275.0,,,,,,,,,,0.0,3.2673163414001465,1391.699951171875,,,,,media/1F115282-0D14-4601-B854-81F3FE35355D.jpg
10225473144,"Nov 15, 2023, 9:01:02 PM",Afternoon Run w Casey,Run,"",1957,4.50,,,false,,,activities/10950346630.fit.gz,,,1957.0,1613.0,4504.66015625,4.725976467132568,2.792721748352051,89.03461456298828,159.0,180.1999969482422,271.1000061035156,38.76581954956055,0.015539462678134441,,,91.0,77.40276336669922,,,,,326.0,,,,,,,,,,,,,,0.0,,0.0,,1.0,4771.2998046875,,,,,,,,,,,,,,,,14539275.0,,,,,,,,,,0.0,2.301819086074829,330.8999938964844,,,,,""
10241408795,"Nov 18, 2023, 6:22:25 PM",Afternoon Run,Run,"Sapsucker trails, shout-out [strava://athletes/119388063/17]Daniel Greenstein for the rec",2371,6.54,,,false,,,activities/10966941908.fit.gz,,,2371.0,1989.0,6543.669921875,4.25,3.2899296283721924,9.71142864227295,159.0,326.29998779296875,330.8999938964844,3.3585221767425537,0.024451110512018204,,,83.0,79.86109924316406,,,,,454.0,,,,,,,,,,,,,,0.0,,0.0,,1.0,6558.2001953125,,,,,,,,,,,,,,,,14539275.0,,,,,,,,,,0.0,2.7598776817321777,0.0,,,,,media/100A7B45-0691-4D9E-B801-83B40F3257E4.jpg|media/17FC0CD7-B6BC-40E8-80FA-128EE34F87C2.jpg|media/596ABADA-71AA-4DDD-883F-65E78092F925.jpg|media/73CA6729-0274-4A05-8ED3-A08925405540.jpg
10247415549,"Nov 19, 2023, 5:01:14 PM",Lunch Run,Run,"",2620,8.51,,,false,,,activities/10973189589.fit.gz,,,2620.0,2620.0,8516.3896484375,4.064062595367432,3.250530481338501,125.44212341308594,241.0,180.1999969482422,287.3999938964844,18.668842315673828,0.1397305727005005,,,85.0,80.01569366455078,,,,,645.0,,,,,,,,,,,,,,0.0,,0.0,,1.0,8835.599609375,,,,,,,,,,,,,,,,14539275.0,,,,,,,,,,0.0,3.250530481338501,333.29998779296875,,,,,""
10258137475,"Nov 21, 2023, 6:06:12 PM",Afternoon Run,Run,Post lift treadmill,537,1.65,,,false,,,activities/10984388123.fit.gz,,,537.0,537.0,1657.6199951171875,3.7533366680145264,3.086815595626831,0.0,0.0,0.0,0.0,0.0,0.0,,,83.0,79.91651153564453,,,,,126.0,,,,,,,,,,,,,,0.0,,0.0,,1.0,1745.5999755859375,,,,,,,,,,,,,,,,,,,,,,,,,,0.0,3.086815595626831,0.0,,,,,""
10268536964,"Nov 23, 2023, 2:36:18 PM",New Rochelle Turkey Trot,Run,"",1272,5.03,,,false,,,activities/10995158855.fit.gz,,,1272.0,1272.0,5033.31005859375,6.245999813079834,3.9570045471191406,41.426666259765625,117.0,10.800000190734863,31.0,10.399551391601562,0.003973528277128935,,,92.0,81.18231964111328,,,,,341.0,,,,,,,,,,,,,,0.0,,0.0,,1.0,5106.39990234375,,,,,,,,,,,,,,,,14539275.0,,,,,,,,,,0.0,3.9570045471191406,0.0,,,,,media/3375CF0F-3521-4E00-9C00-4FCBEC2E8790.jpg|media/ABF7528B-4C8D-415A-B2BB-4F2041184C0C.jpg
10285757917,"Nov 26, 2023, 3:46:16 PM",Morning Run,Run,ðŸ˜¶,627,2.20,,,false,,,activities/11013087552.fit.gz,,,627.0,600.0,2199.530029296875,5.25,3.6658833026885986,6.603333473205566,42.0,2.299999952316284,9.100000381469727,3.9872283935546875,0.009092851541936398,,,85.0,80.72866821289062,,,,,158.0,,,,,,,,,,,,,,0.0,,0.0,,1.0,2205.300048828125,,,,,,,,,,,,,,,,14539275.0,,,,,,,,,,0.0,3.5080223083496094,0.0,,,,,media/EF7E03F9-AFAD-4EE5-B0B0-933D3D560C93.jpg
10308504139,"Nov 30, 2023, 9:47:20 PM",Afternoon Run,Run,"",1802,5.80,,,false,,,activities/11036655038.fit.gz,,,1802.0,1787.0,5806.0,5.455956935882568,3.24902081489563,93.53192138671875,180.0,180.1999969482422,273.20001220703125,25.218233108520508,0.21184980869293213,,,86.0,79.62183380126953,,,,,476.0,,,,,,,,,,,,,,0.0,,0.0,,1.0,6061.7998046875,,,,,,,,,,,,,,,,14539275.0,,,,,,,,,,0.0,3.221975564956665,84.0999984741211,,,,,""
10323837032,"Dec 3, 2023, 6:49:23 PM",Afternoon Squash,Workout,"",882,1.08,,,false,,,activities/11052558503.fit.gz,,,882.0,409.0,1083.5,5.050000190734863,2.649144172668457,6.999772548675537,285.0,252.89999389648438,260.3999938964844,34.45378112792969,-0.09229349344968796,,,109.0,60.48387145996094,,,,,89.0,,,,,,,,,,,,,,0.0,,0.0,,1.0,,,,,,,,,,,,,,,,,,,,,,,,,,,0.0,1.228458046913147,0.0,,,,,""
10328665100,"Dec 4, 2023, 8:07:44 PM",Afternoon Boxing,Workout,Iâ€™m not very good at boxing,929,0,,,false,,,activities/11057630692.fit.gz,,,929.0,929.0,0.0,0.0,0.0,0.0,0.0,0.0,0.0,0.0,0.0,,,,,,,,,127.0,,,,,,,,,,,,,,0.0,,0.0,,1.0,,,,,,,,,,,,,,,,,,,,,,,,,,,0.0,0.0,0.0,,,,,""
10348710517,"Dec 8, 2023, 4:15:00 PM",Lunch Run,Run,"",1679,5.48,,,false,,,activities/11078416252.fit.gz,,,1679.0,1669.0,5479.81982421875,5.0233154296875,3.2832953929901123,95.74452209472656,166.0,178.1999969482422,215.5,47.41379165649414,0.2354092001914978,,,86.0,78.96880340576172,,,,,419.0,,,,,,,,,,,,,,0.0,,0.0,,1.0,5725.10009765625,,,,,,,,,,,,,,,,14539275.0,,,,,,,,,,0.0,3.263740301132202,165.3000030517578,,,,,""
10354633802,"Dec 9, 2023, 6:16:48 PM",Afternoon Squash,Workout,"",3750,0,,,false,,,activities/11084584021.fit.gz,,,3750.0,3750.0,0.0,0.0,0.0,0.0,0.0,0.0,0.0,0.0,0.0,,,,,,,,,526.0,,,,,,,,,,,,,,0.0,,0.0,,1.0,,,,,,,,,,,,,,,,,,,,,,,,,,,0.0,0.0,0.0,,,,,""
10369811422,"Dec 12, 2023, 5:32:13 PM",Lunch Run,Run,"",2545,8.44,,,false,,,activities/11100516741.fit.gz,,,2545.0,2539.0,8441.8896484375,4.840060710906982,3.32488751411438,18.96047592163086,191.0,1.899999976158142,9.800000190734863,4.810009956359863,0.0047382754273712635,,,82.0,79.23758697509766,,,,,648.0,,,,,,,,,,,,,,0.0,,0.0,,1.0,8464.599609375,,,,,,,,,,,,,,,,14539275.0,,,,,,,,,,0.0,3.317049026489258,0.0,,,,,""
10374665521,"Dec 13, 2023, 3:48:11 PM",Morning Walk,Walk,"",2736,2.28,,,false,,,activities/11105553258.fit.gz,,,2736.0,1935.0,2285.0,4.821997165679932,1.1808785200119019,12.355555534362793,109.0,3.0999999046325684,9.800000190734863,4.591368675231934,-0.04814004525542259,,,94.0,54.42890167236328,,,,,175.0,,,,,,,,,,,,,,0.0,,0.0,,1.0,,,,,,,,,,,,,,,,,,,,,,,,,,,0.0,0.8351607918739319,0.0,,,,,media/38F62012-9F3A-43ED-8808-B697DF5FAC18.jpg
10379889974,"Dec 14, 2023, 4:40:57 PM",Lunch Run,Run,"",1477,4.97,,,false,,,activities/11110988241.fit.gz,,,1477.0,1470.0,4976.240234375,4.614999294281006,3.385197401046753,12.927692413330078,205.0,1.100000023841858,9.800000190734863,40.268455505371094,0.0261241402477026,,,83.0,79.57884216308594,,,,,351.0,,,,,,,,,,,,,,0.0,,0.0,,1.0,4995.10009765625,,,,,,,,,,,,,,,,14539275.0,,,,,,,,,,0.0,3.3691537380218506,0.0,,,,,""
10380090477,"Dec 14, 2023, 5:14:07 PM",Lunch Walk,Walk,,2106,1.47,,,false,,,activities/11111193968.fit.gz,,,2106.0,1408.0,1469.9000244140625,5.105000972747803,1.043963074684143,8.056209564208984,74.0,3.5,9.800000190734863,9.230769157409668,-0.02040955051779747,,,93.0,55.436710357666016,,,,,211.0,,,,,,,,,,,,,,,,0.0,,1.0,,,,,,,,,,,,,,,,,,,,,,,,,,,0.0,0.69795823097229,0.0,,,,,""
10396043453,"Dec 17, 2023, 4:52:53 PM",Lunch Run,Run,"",1118,3.69,,,false,,,activities/11127924904.fit.gz,,,1118.0,1111.0,3689.070068359375,7.644999027252197,3.320495128631592,12.526666641235352,54.0,3.4000000953674316,9.800000190734863,3.8210842609405518,-0.027107102796435356,,,110.0,80.39435577392578,,,,,276.0,,,,,,,,,,,,,,0.0,,0.0,,1.0,3701.699951171875,,,,,,,,,,,,,,,,14539275.0,,,,,,,,,,0.0,3.2997047901153564,0.0,,,,,""
10426150722,"Dec 23, 2023, 5:52:18 PM",Lunch Run,Run,"",1051,3.73,,,false,,,activities/11158839855.fit.gz,,,1051.0,1048.0,3730.090087890625,7.9033203125,3.559246301651001,15.55571460723877,73.0,2.5,9.800000190734863,8.746355056762695,0.005361801013350487,,,123.0,80.21215057373047,,,,,266.0,,,,,,,,,,,,,,0.0,,0.0,,1.0,3749.5,,,,,,,,,,,,,,,,15831924.0,,,,,,,,,,0.0,3.549086570739746,0.0,,,,,""
10430940080,"Dec 24, 2023, 2:56:38 PM",Morning Workout,Weight Training,"",2422,0,,,false,,,activities/11163834474.fit.gz,,,2422.0,2422.0,0.0,0.0,0.0,0.0,0.0,0.0,0.0,0.0,0.0,,,,,,,,,218.0,,,,,,,,,,,,,,0.0,,0.0,,1.0,,,,,,,,,,,,,,,,,,,,,,,,,,,0.0,0.0,0.0,,,,,""
10434872985,"Dec 25, 2023, 2:35:42 PM",Morning Run,Run,,1935,6.43,,,false,,,activities/11167959039.fit.gz,,,1935.0,1935.0,6435.01025390625,4.506666660308838,3.3255865573883057,0.0,81.0,1.600000023841858,3.5,0.8220278024673462,0.0,,,83.0,79.80361938476562,,,,,493.0,,,,,,,,,,,,,,,,0.0,,1.0,6436.7998046875,,,,,,,,,,,,,,,,15831924.0,,,,,,,,,,0.0,3.3255865573883057,122.5,,,,,""
10441258351,"Dec 26, 2023, 6:18:11 PM",Afternoon Kayak,Kayaking,"",6280,4.96,,,false,,,activities/11174616251.fit.gz,,,6280.0,4485.0,4959.5,2.75,1.1057970523834229,37.90057373046875,176.0,0.0,8.899999618530273,47.619049072265625,-0.11493094265460968,,,72.0,52.66108703613281,,,,,385.0,,,,,,,,,,,,,,0.0,,0.0,,1.0,,,,,,,,,,,,,,,,,,,,,,,,,,,0.0,0.7897292971611023,0.0,,,,,""
10447573866,"Dec 27, 2023, 10:50:23 PM",Post Sunset Run to put my name down for a table,Run,"",210,0.71,,,false,,,activities/11181172158.fit.gz,,,210.0,210.0,710.2000122070312,4.594000339508057,3.3819048404693604,0.0,21.0,1.600000023841858,3.0999999046325684,0.967117965221405,0.056322164833545685,,,83.0,79.25714111328125,,,,,45.0,,,,,,,,,,,,,,0.0,,0.0,,1.0,711.7999877929688,,,,,,,,,,,,,,,,,,,,,,,,,,0.0,3.3819048404693604,0.0,,,,,""
10456638272,"Dec 29, 2023, 2:38:36 PM",Morning Run,Run,,1596,4.96,,,false,,,activities/11190577490.fit.gz,,,1596.0,1596.0,4967.5,3.704000949859619,3.112468719482422,0.0,87.0,-0.5,1.7000000476837158,2.1923820972442627,0.0,,,81.0,78.52078247070312,,,,,381.0,,,,,,,,,,,,,,,,0.0,,1.0,4969.7998046875,,,,,,,,,,,,,,,,15831924.0,,,,,,,,,,0.0,3.112468719482422,0.0,,,,,""
10489772521,"Jan 4, 2024, 2:03:20 AM",Night Ride,Ride,Lifetime Bike â€” 6.7 miles,1503,0,,,false,,,activities/11225005430.fit.gz,,,1503.0,1503.0,0.0,0.0,0.0,0.0,0.0,0.0,0.0,0.0,0.0,,,,,,,,,331.0,,,,,,,,,,,,,,0.0,,0.0,,1.0,,,,,,,,,,,,,,,,,,,,,,,,,,,0.0,0.0,0.0,,,,,media/907120E6-E652-43E6-B243-46B4D4031C0B.jpg
10494957413,"Jan 4, 2024, 8:30:17 PM",Afternoon Workout,Weight Training,"",2552,2.41,,,false,,,activities/11230349898.fit.gz,,,2552.0,2347.0,2412.300048828125,7.320000171661377,1.027822732925415,13.622771263122559,410.0,65.80000305175781,71.0999984741211,19.417476654052734,0.10778095573186874,,,79.0,53.0,,,,,251.0,,,,,,,,,,,,,,0.0,,0.0,,1.0,,,,,,,,,,,,,,,,,,,,,,,,,,,0.0,0.945258617401123,0.0,,,,,""
10500071271,"Jan 5, 2024, 5:02:47 PM",Lunch Workout,Weight Training,"",3448,0,,,false,,,activities/11235703896.fit.gz,,,3448.0,3448.0,0.0,0.0,0.0,0.0,0.0,0.0,0.0,0.0,0.0,,,,,,,,,290.0,,,,,,,,,,,,,,0.0,,0.0,,1.0,,,,,,,,,,,,,,,,,,,,,,,,,,,0.0,0.0,0.0,,,,,""
10506566360,"Feb 2, 2023, 3:36:12 PM",Afternoon Run,Run,"",1953,3.20,,,false,"",,activities/11242693034.gpx.gz,,,1953.0,998.0,3203.800048828125,5.7833333015441895,3.2102203369140625,9.416666984558105,9.416666984558105,1.399999976158142,7.599999904632568,8.78661060333252,0.0,,,,,,,,,,,,,,,,,,,,,,,,,0.0,,1.0,3223.0205078125,,,,,,,,,,,,,,,,,,,,,,,,,,0.0,1.6404505968093872,309.3999938964844,,,,,""
10506566380,"Feb 5, 2023, 5:24:09 PM",Evening Run,Run,"",1904,5.15,,,false,"",,activities/11242693059.gpx.gz,,,1904.0,1730.0,5157.60009765625,5.199999809265137,2.981271743774414,11.583333015441895,11.583333015441895,3.200000047683716,8.5,7.051281929016113,0.0,,,,,,,,,,,,,,,,,,,,,,,,,0.0,,1.0,5173.89990234375,,,,,,,,,,,,,,,,,,,,,,,,,,0.0,2.7088234424591064,101.9000015258789,,,,,""
10506566398,"Mar 9, 2023, 5:01:08 PM",Evening Run,Run,"",778,2.48,,,false,"",,activities/11242693092.gpx.gz,,,778.0,700.0,2485.3037109375,5.460000038146973,3.550428628921509,3.9166667461395264,5.2166666984558105,5.400000095367432,10.5,2.2727272510528564,-0.05230756849050522,,,,,,,,,,,,,,,,,,,,,,,,,0.0,,1.0,2486.5,,,,,,,,,,,,,,,,,,,,,,,,,,0.0,3.1944775581359863,0.0,,,,,""
10506566404,"Feb 26, 2023, 3:58:53 PM",Afternoon Run,Run,"",4300,7.53,,,false,"",,activities/11242693077.gpx.gz,,,4300.0,2329.0,7532.7001953125,6.349999904632568,3.234306573867798,11.716666221618652,11.716666221618652,2.0,8.199999809265137,3.904555320739746,0.0,,,,,,,,,,,,,,,,,,,,,,,,,0.0,,1.0,7547.60009765625,,,,,,,,,,,,,,,,,,,,,,,,,,0.0,1.7517906427383423,193.5,,,,,""
10506566421,"Apr 10, 2023, 1:43:31 PM",Afternoon Run,Run,"",1510,3.91,,,false,"",,activities/11242693113.gpx.gz,,,1510.0,1207.0,3910.10009765625,4.4666666984558105,3.2395193576812744,10.216666221618652,0.01666666753590107,6.599999904632568,16.899999618530273,2.6104416847229004,0.26086288690567017,,,,,,,,,,,,,,,,,,,,,,,,,0.0,,1.0,3930.60009765625,,,,,,,,,,,,,,,,,,,,,,,,,,0.0,2.589470148086548,23.100000381469727,,,,,""
10507623810,"Jan 6, 2024, 7:59:53 PM",Afternoon Run,Run,First run post a cold,3299,10.19,189.0,150,false,,,activities/11243790170.fit.gz,,,3299.0,3291.0,10189.5,4.349999904632568,3.0961713790893555,32.08333206176758,205.0,1.100000023841858,10.5,4.336839199066162,-0.0009814024670049548,,,83.0,79.0281753540039,,168.97406005859375,,,782.0,,,150.0,,,,,,,,,,,0.0,,0.0,,1.0,10224.2998046875,,,,,,,,,,,,,,,,15831924.0,,,,,,,,,,0.0,3.088663101196289,0.0,,,,8618.0,""
10514346187,"Jan 7, 2024, 7:54:48 PM",Afternoon Run,Run,,961,3.25,178.0,15,false,,,activities/11250926684.fit.gz,,,961.0,956.0,3249.2001953125,4.219997882843018,3.398744821548462,10.6371431350708,74.0,1.899999976158142,9.199999809265137,5.174657344818115,0.006155360955744982,,,83.0,79.64323425292969,,144.5828094482422,,,217.0,,,15.0,,,,,,,,,,,,,0.0,,1.0,3261.300048828125,,,,,,,,,,,,,,,,15831924.0,,,,,,,,,,0.0,3.381061553955078,0.0,,,,2544.0,""
